Business Name,Address,Phone Number,Primary Contact,BBB Accreditation Status,Profile URL
Progressive Medical Billing,"6655 First Park Ten Blvd Ste 216, San Antonio, TX 78213-4304",(210) 733-1802,"Ms. Leticia A. Cantu, Owner",BBB Accredited,https://www.bbb.org/us/tx/san-antonio/profile/billing-services/progressive-medical-billing-0825-90020942
Momentum Billing,"13400 Sabre Springs Pkwy #150, San Diego, CA 92128",(866) 875-6527,Not Available,NOT a BBB Accredited Business,https://www.bbb.org/us/ca/san-diego/profile/medical-billing/momentum-billing-1126-172017754
Matrix Medical Billing,"2135 E. University Drive #120, Mesa, AZ 85213-8337",(888) 834-3477,"Mr. Christian Burris, Member",NOT a BBB Accredited Business,https://www.bbb.org/us/az/mesa/profile/billing-services/matrix-medical-billing-1126-97026964
Medical Billing Partners,"Lincoln, NE 68505-0201",(402) 413-5394,"Taylor Santos, Owner",NOT a BBB Accredited,https://www.bbb.org/us/ne/lincoln/profile/medical-billing/medical-billing-partners-0714-1000061239
Centerline Medical Billing,"Aliso Viejo, CA 92653-4642",(800) 828-5133,"Mr. Patrick Mahoney, Owner",BBB Accredited,https://www.bbb.org/us/ca/aliso-viejo/profile/medical-billing/centerline-medical-billing-1126-1000116438
Compass Billing,"5350 Dtc Pkwy, Ste 304, Greenwood Village, CO 80111",(303) 713-1300,"Ms. Ellen E. Stewart, Registered Agent",NOT a BBB Accredited Business,https://www.bbb.org/us/co/greenwood-village/profile/medical-billing/compass-billing-1296-90146804
Springs Medical Billing,"Po Box 64258, Colorado Springs, CO 80962",(719) 400-8222,"Mrs. Christina Boyce, Owner",NOT a BBB Accredited Business,https://www.bbb.org/us/co/colorado-springs/profile/medical-billing/springs-medical-billing-0785-1000007536/addressId/54148
Veracity Medical Billing,"220 South Elm Street, Zionsville, IN 46077",(317) 520-3555,"Sharon Gall, President",NOT a BBB Accredited Business,https://www.bbb.org/us/in/zionsville/profile/medical-billing/veracity-medical-billing-0382-90050513
Midwest Medical Billing,"6400 E Main St Ste 201, Reynoldsburg, OH 43068-2348",(614) 577-1077,"Ms. Kelly Schaffer Rahe, President",NOT a BBB Accredited Business,https://www.bbb.org/us/oh/reynoldsburg/profile/medical-billing/midwest-medical-billing-0302-11006119
Specialized Medical Billing,"330 E Wilson Bridge Rd Ste 100, Worthington, OH 43085-6310",(614) 461-8154,"Mrs. Adrianne H. Nittala, Co-Owner",BBB Accredited,https://www.bbb.org/us/oh/worthington/profile/medical-billing/specialized-medical-billing-0302-70095304
Proclaims Medical Billing,"785 W Granada Blvd Ste 5, Ormond Beach, FL 32174-5163",(386) 274-5712,"Michelle Cavanaugh, President",NOT a BBB Accredited Business,https://www.bbb.org/us/fl/ormond-beach/profile/medical-billing/proclaims-medical-billing-0733-90136184
Blitz Medical Billing,"1701 Legacy Dr Ste 1200, Frisco, TX 75034-5991",(855) 329-8220,"Ms. Lilian Garcia, CEO",BBB Accredited,https://www.bbb.org/us/tx/frisco/profile/medical-billing/blitz-medical-billing-0875-91061873
Medical Billing Center,"401 Brookfield Pkwy Ste 500A, Greenville, SC 29607-5795",(864) 679-1600,"Ms. Nicole Kluckhohn, CEO",NOT a BBB Accredited Business,https://www.bbb.org/us/sc/greenville/profile/medical-billing/medical-billing-center-0673-90039737
PC Medical Billing LLC,"Olympia, WA 98516-5969",(360) 539-8487,"Mr. Patrick O'Neil, Managing Member",BBB Accredited,https://www.bbb.org/us/wa/olympia/profile/medical-billing/pc-medical-billing-llc-1296-1000097169
Specialty Billing Services,"2649 Strang Blvd Ste 303, Yorktown Heights, NY 10598-2938",(914) 771-7335,"Ms. Jeannine Raciti, President",NOT a BBB Accredited Business,https://www.bbb.org/us/ny/yorktown-heights/profile/medical-billing/specialty-billing-services-0121-106473
Orange County Medical Billing,"8311 Westminster Blvd Ste 340D, Westminster, CA 92683-8315",(714) 895-5614,"Ms. Tracy Ann Jonas, Owner",NOT a BBB Accredited Business,https://www.bbb.org/us/ca/westminster/profile/medical-billing/orange-county-medical-billing-1126-13172913
Diamond Medical Billing Services,"13301 SE 79th Pl # A101, Renton, WA 98059-3265",(253) 777-7762,"Sunni Hearin, Owner",NOT a BBB Accredited Business,https://www.bbb.org/us/wa/renton/profile/medical-billing/diamond-medical-billing-services-1296-22719855
LPL Medical Billing Service,"3606 John Simmons Ct, Frederick, MD 21704-7815",(301) 831-8957,"Lachee Lewis, Owner",NOT a BBB Accredited Business,https://www.bbb.org/us/md/frederick/profile/medical-billing/lpl-medical-billing-service-0011-90205853
Doctors Billing Pros,"PO Box 152865, San Diego, CA 92195",(619) 229-2124,"Mr. Lamont Wolfe, Owner",NOT a BBB Accredited,https://www.bbb.org/us/ca/san-diego/profile/medical-billing/doctors-billing-pros-1126-172001777
Prescott Medical Billing Services,"Prescott, AZ 86303-4132",(928) 533-5060,"Mr. Kenneth Ficek, President/CEO",NOT a BBB Accredited Business,https://www.bbb.org/us/az/prescott/profile/medical-billing/prescott-medical-billing-services-1126-1000046455
DDR Medical Billing & Consultants,"2735 W Sweetwater Ave, Phoenix, AZ 85029-1311",(602) 888-7063,"Ms. Donna Suchil, Member",NOT a BBB Accredited Business,https://www.bbb.org/us/az/phoenix/profile/medical-billing/ddr-medical-billing-consultants-1126-1000047383
Valcare Medical Billing Services,"208 1/2 S 40th Ave, Yakima, WA 98908",(509) 972-2357,"Ms. Carolyn Pierson, Owner",NOT a BBB Accredited Business,https://www.bbb.org/us/wa/yakima/profile/medical-billing/valcare-medical-billing-services-1296-1000009330
Quality Medical Billing Service,"1404 SE 151st Ave, Portland, OR 97233-3054",(503) 253-1653,"Ms. Kay Holmes, Owner",NOT a BBB Accredited Business,https://www.bbb.org/us/or/portland/profile/billing-services/quality-medical-billing-service-1296-75004277
Billing Partners Solution,"5224 N 40th Dr, Phoenix, AZ 85019-2436",(602) 675-0161,"Ms. Ruth M Gonzalez, Owner",BBB Accredited,https://www.bbb.org/us/az/phoenix/profile/medical-billing/billing-partners-solution-1126-1000047551
Easy Billing Services,"1641 Burton St, San Diego, CA 92111-7526",(619) 246-2695,"Ms. Danielle Gonzales, Owner",BBB Accredited,https://www.bbb.org/us/ca/san-diego/profile/billing-services/easy-billing-services-1126-1000113485
Clinical Billing Solutions,"Orange, CA 92868-2051",(888) 550-2112,"Mr. Jack Van Berkel, CEO",NOT a BBB Accredited Business,https://www.bbb.org/us/ca/orange/profile/medical-billing/clinical-billing-solutions-1126-1000126773
Hernandez Healthcare Billing,"Bellemont, AZ 86015",(928) 779-4404,"Ms. Dorothy Hernandez, Manager",NOT a BBB Accredited Business,https://www.bbb.org/us/az/bellemont/profile/billing-services/hernandez-healthcare-billing-1126-1000040693
Platinum Medical Billing & Consulting,"1837 S Mesa Dr Ste B202, Mesa, AZ 85210-6219",(602) 433-0305,"Ms. Anna M Whitt, Owner",NOT a BBB Accredited Business,https://www.bbb.org/us/az/mesa/profile/medical-billing/platinum-medical-billing-consulting-1126-1000085023
Billing Business Specialists,"PO Box 3121, Arizona City, AZ 85123-0828",(520) 316-9405,"Mrs. Jeri E. Theiler, Member",NOT a BBB Accredited Business,https://www.bbb.org/us/az/arizona-city/profile/medical-billing/billing-business-specialists-1126-1000047834
Orange Sterling Billing,"10000 N 31st Ave Ste D214, Phoenix, AZ 85051-2001",(480) 843-5143,"Mrs. Lauren Rundall, Owner",BBB Accredited,https://www.bbb.org/us/az/phoenix/profile/billing-services/orange-sterling-billing-1126-1000110820
Apridas Medical Management & Billing,"2035 E State Hwy 152 Suite 103, Mustang, OK 73064",(405) 745-9600,"Ms. Becky Stubblefield, Owner",NOT a BBB Accredited Business,https://www.bbb.org/us/ok/mustang/profile/medical-case-management/apridas-medical-management-billing-0995-90024256
Doctors & MDs Billing,"2667 Fallon Cir, Simi Valley, CA 93065-4720",(805) 210-4207,"Ms. Lili Vizcardo, Owner",NOT a BBB Accredited Business,https://www.bbb.org/us/ca/simi-valley/profile/medical-billing/doctors-mds-billing-1236-92013897
Medical Claims & Billing Specialist,"203C Calle Del Oaks, Del Rey Oaks, CA 93940-5710",(831) 649-9200,"Ms. Diana Rosa, Co-Owner",Medical Claims & Billing Specialist is BBB Accredited.,https://www.bbb.org/us/ca/del-rey-oaks/profile/medical-billing/medical-claims-billing-specialist-1216-231036
Young's Billing & Consulting,"Williamsville, NY 14221-2609",(716) 408-2525,"Mr. Daniel J. Young, President/CEO",BBB Accredited,https://www.bbb.org/us/ny/williamsville/profile/billing-services/youngs-billing-consulting-0041-235964412
KSN Billing & Collections,"Newark, NJ 07103-3378",(855) 469-0959,"Robin Bailey, CEO",NOT a BBB Accredited Business,https://www.bbb.org/us/nj/newark/profile/medical-billing/ksn-billing-collections-0221-90203827
American Medical Billing Association (AMBA),"2465 E Main St
Davis, OK 73030-2979",(580) 369-2700,"Mrs. Katie Taylor, Owner",BBB Accredited,https://www.bbb.org/us/ok/davis/profile/billing-services/american-medical-billing-association-amba-0995-5002597
"Metropolitan Medical Billing Services, Inc.","6606 Liberty Ter, Gwynn Oak, MD 21207-6208",(443) 401-3736,"Ms. Michelle Macer, Manager",NOT a BBB Accredited Business,https://www.bbb.org/us/md/gwynn-oak/profile/medical-billing/metropolitan-medical-billing-services-inc-0011-90184972
Certified Healthcare Billing,"8055 Foothill Blvd, Sunland, CA 91040-2943",(626) 791-9004,"Julia Tashchyan, CEO",Certified Healthcare Billing is BBB Accredited.,https://www.bbb.org/us/ca/sunland/profile/medical-billing/certified-healthcare-billing-1216-640510
"Borsu Medical Billing Services, LLC","Hyattsville, MD 20782",(202) 848-4873,"Mr. Borsu Okpara, Owner",NOT a BBB Accredited Business,https://www.bbb.org/us/md/hyattsville/profile/medical-billing/borsu-medical-billing-services-llc-0241-236075667
"RDY Billing Solutions, LLC","Monroe, NC 28112-4523",(646) 916-0643,"Ms. Regina Young, Owner",NOT a BBB Accredited Business,https://www.bbb.org/us/nc/monroe/profile/medical-billing/rdy-billing-solutions-llc-0473-92032450
ELS Medical Billing Group LLC,"Lagrange, GA 30240-1158",(888) 927-7894,"Ms. Ericia L. Smith, CEO",BBB Accredited,https://www.bbb.org/us/ga/lagrange/profile/medical-billing/els-medical-billing-group-llc-0743-91820311
Results Insurance Billing LLC,"1235 NE McRae Ct, Prineville, OR 97754",(541) 393-8595,"Ms. Kerrie Martinez, Owner/Partner",NOT a BBB Accredited Business,https://www.bbb.org/us/or/prineville/profile/medical-billing/results-insurance-billing-llc-1296-1000103296/addressId/640425
Pro Med Billing Associates,"800 S Frontenac St # 3, Aurora, IL 60504-3122",(855) 630-9900,"Sadna Mohan, President",NOT a BBB Accredited Business,https://www.bbb.org/us/il/aurora/profile/medical-billing/pro-med-billing-associates-0654-88207857
Home Sweet Billing LLC,"Boise, ID 83705-2077",(208) 570-1752,"Ms. Jodie M Crane, Member",NOT a BBB Accredited Business,https://www.bbb.org/us/id/boise/profile/medical-billing/home-sweet-billing-llc-1296-1000128966
Aloha Maui Billing Services,"1135 Makawao Ave Ste 103, Makawao, HI 96768-7402",(808) 276-7193,Ms. Jonelle Davis,Aloha Maui Billing Services is BBB Accredited.,https://www.bbb.org/us/hi/makawao/profile/medical-billing/aloha-maui-billing-services-1296-1000121014
DeMonte Medical Billing Solutions LLC,"1000 Clay Ave, Jeannette, PA 15644-3466",(888) 924-3627,"Ms. Joanne Demonte, Owner",NOT a BBB Accredited Business,https://www.bbb.org/us/pa/jeannette/profile/medical-billing/demonte-medical-billing-solutions-llc-0141-71041213
C R Billing Svc,"22816 Valley Dr, Richton Park, IL 60471-2337",(708) 748-6775,"Connie Rawls, Owner",NOT a BBB Accredited Business,https://www.bbb.org/us/il/richton-park/profile/medical-billing/c-r-billing-svc-0654-88225214
Excellent Medical Billing Service (EMBS),"401 E 1st St Unit 2939
Sanford, FL 32772-7620",(407) 302-4606,"Lillian M. Ramos, President",NOT BBB Accredited,https://www.bbb.org/us/fl/sanford/profile/medical-billing/excellent-medical-billing-service-embs-0733-90179274
Blue Sky Billing Solutions,"101 N US Highway 1 STE 118, Fort Pierce, FL 34950-4254",(772) 429-0692,"Ms. Debbie Drennan, Managing Member",NOT a BBB Accredited Business,https://www.bbb.org/us/fl/fort-pierce/profile/medical-billing/blue-sky-billing-solutions-0633-90428573
D M Billing Service,"Lakeside, CA 92040",(619) 561-2969,"Ms. Dana Manjarrez, Owner",NOT a BBB Accredited Business,https://www.bbb.org/us/ca/lakeside/profile/billing-services/d-m-billing-service-1126-30004014
"T.E.A.M. Medical Billing Solutions, LLC","24 Bluewater Court, Wendell, NC 27591-9609",(919) 374-3384,"Ms. Alison J. Kilgore, Managing Member",NOT a BBB Accredited Business,https://www.bbb.org/us/nc/wendell/profile/medical-billing/team-medical-billing-solutions-llc-0593-90191285
"Administrative Billing Solutions, Inc.","1226 Archer Ln, Eau Claire, WI 54703-0605",(715) 303-7696,"Ms. Kari S. Behlmer, President",NOT a BBB Accredited Business,https://www.bbb.org/us/wi/eau-claire/profile/billing-services/administrative-billing-solutions-inc-0694-44185137
"Medical Billing, Etc.","10567 Hansen Ave, Omaha, NE 68124-3633",(402) 398-1138,"MaryEllen Fisher, Owner",NOT a BBB Accredited Business,https://www.bbb.org/us/ne/omaha/profile/billing-services/medical-billing-etc-0714-300022690
D&S Medical Billing Services Inc,"PO Box 7526, Laguna Niguel, CA 92607-7526",(949) 388-0108,"Ms. Shahnaz Lewis, President/Owner",NOT a BBB Accredited Business,https://www.bbb.org/us/ca/laguna-niguel/profile/medical-billing/ds-medical-billing-services-inc-1126-13105658
A+ Medical Billing,"Lake Forest, CA 92630-3637",(949) 308-0332,"Ms. Abeer Marogi, Founder-CEO",NOT a BBB Accredited,https://www.bbb.org/us/ca/lake-forest/profile/medical-billing/a-medical-billing-1126-1000142295
Integrity Billing & Consulting LLC,"8855 SW Holly Ln Ste 125, Wilsonville, OR 97070-8793",(503) 582-8188,"Ms. Ginette M Zuras-Hummel, Managing Owner",NOT a BBB Accredited Business,https://www.bbb.org/us/or/wilsonville/profile/medical-business-administration/integrity-billing-consulting-llc-1296-1000048129
Billing Key,"2221 Peachtree Rd NE STE D-397
Atlanta, GA 30309-1148",(678) 756-5284,"Mr. Nicholas Hawkins, Owner",NOT a BBB Accredited Business,https://www.bbb.org/us/ga/atlanta/profile/medical-billing/billing-key-0443-27966156
Draper Precision Billing & Coding,"Flagstaff, AZ 86004-5455",(928) 221-8961,"Mr. Travis Draper, Member",NOT a BBB Accredited Business,https://www.bbb.org/us/az/flagstaff/profile/medical-coding/draper-precision-billing-coding-1126-1000048355
Medical Billing Unlimited,"4514 Rockdale Rd, Greencastle, PA 17225-8000",(717) 369-4417,"Ms. April Wingert, Owner",NOT a BBB Accredited Business,https://www.bbb.org/us/pa/greencastle/profile/medical-billing/medical-billing-unlimited-0241-182819497
Acom Medical Billing,"1094 S Gilbert Rd Ste 203, Gilbert, AZ 85296-3481",(480) 545-2610,"Mr. Patrick McMahon, President",NOT a BBB Accredited Business,https://www.bbb.org/us/az/gilbert/profile/medical-billing/acom-medical-billing-1126-87002612
Billing Dynamix,"2857 Executive Dr STE 200
Clearwater, FL 33762-5584",(727) 386-9497,Mr. Thomas Jorno,NOT a BBB Accredited Business,https://www.bbb.org/us/fl/clearwater/profile/medical-billing/billing-dynamix-0653-90344528
Enfinity Medical Billing,"197 Route 18, East Brunswick, NJ 08816-1440",(732) 944-0080,"Shakeel Ahmad, Principal",NOT a BBB Accredited Business,https://www.bbb.org/us/nj/east-brunswick/profile/medical-billing/enfinity-medical-billing-0221-90234777
PDXPERT Medical Billing,"Portland, OR 97220-2709",(503) 860-8913,Ms. Cortney Rouse,NOT a BBB Accredited Business,https://www.bbb.org/us/or/portland/profile/medical-billing/pdxpert-medical-billing-1296-1000096262
Armedix Medical Billing,"3705 W Memorial Rd Ste 1304, Oklahoma City, OK 73134-1503",(405) 418-4506,"Mr. Randall Murray, Owner",NOT a BBB Accredited Business,https://www.bbb.org/us/ok/oklahoma-city/profile/medical-billing/armedix-medical-billing-0995-90074308
Element Medical Billing,"2000 SE Port St Lucie Blvd Suite B, Port Saint Lucie, FL 34952",Not Available,"Jared Turner, Owner/Manager",NOT a BBB Accredited Business,https://www.bbb.org/us/fl/port-saint-lucie/profile/medical-billing/element-medical-billing-0633-92046033
Prosperity Medical Billing,"Bowling Green, KY 42103-7116",(606) 207-6318,"Mr. William B. Woodward, Owner",NOT a BBB Accredited Business,https://www.bbb.org/us/ky/bowling-green/profile/medical-billing/prosperity-medical-billing-0402-159166505
Schmidt Medical Billing,"200 Mcknight Park Dr # 201, Pittsburgh, PA 15237",(888) 894-8880,Not Available,NOT a BBB Accredited Business,https://www.bbb.org/us/pa/pittsburgh/profile/medical-billing/schmidt-medical-billing-0141-71049184
Stolze Medical Billing,"11736 Dellwood Rd, Victorville, CA 92392-1291",(909) 576-0111,"Mrs. Alyssa A Stolze, Billing Specialist",NOT a BBB Accredited Business,https://www.bbb.org/us/ca/victorville/profile/medical-billing/stolze-medical-billing-1126-850022321
Greensense Billing,"495 E Rincon St STE 206, Corona, CA 92879",(909) 698-8022,"Ms. Angel Salazar, Operations Manager",NOT a BBB Accredited Business,https://www.bbb.org/us/ca/corona/profile/medical-billing/greensense-billing-1126-850066962
SmileBound Billing,"Millville, NJ 08332-4602",(803) 200-1899,"Ms. Dawn Walker, CEO",BBB Accredited,https://www.bbb.org/us/nj/millville/profile/medical-billing/smilebound-billing-0221-90234692
Billing Solutions,"15 E Lincoln Ave, Delaware, OH 43015-1605",(740) 417-4968,"Ms. Jackie Kruse, Owner",NOT a BBB Accredited Business,https://www.bbb.org/us/oh/delaware/profile/medical-billing/billing-solutions-0302-14008220
Operation Billing,"4500 Mercantile Plaza Dr Ste 300, Fort Worth, TX 76137-4206",(888) 723-5962,"Mr. Steve Herrera, Owner",NOT a BBB Accredited Business,https://www.bbb.org/us/tx/fort-worth/profile/medical-billing/operation-billing-0825-235981805
Billing Matters,"570 El Camino Real STE 363, Redwood City, CA 94063-1200",(650) 245-2726,"Ms. Beth Goddard, Owner",NOT a BBB Accredited Business,https://www.bbb.org/us/ca/redwood-city/profile/medical-billing/billing-matters-1116-538335
Talbert's Medical Billing,"109 Executive Drive, Suite C, Lake Charles, LA 70611",(337) 855-9023,"Mary Talbert, CEO",BBB Accredited,https://www.bbb.org/us/la/lake-charles/profile/medical-billing/talberts-medical-billing-0925-90006328
Medical Billing Alternatives,"5600 Monroe St Building B Ste 101, Sylvania, OH 43560-0703",(419) 824-5203,"Ms. Linda Hoffman, Owner",NOT a BBB Accredited Business,https://www.bbb.org/us/oh/sylvania/profile/billing-services/medical-billing-alternatives-0422-18000291
Midwest Medical Billing,"650 E. Devon Ave., Itasca, IL 60143-1251",(630) 875-1500,"Bob Bostrom, President",NOT a BBB Accredited,https://www.bbb.org/us/il/itasca/profile/billing-services/midwest-medical-billing-0654-88008315
Prince's Medical Billing,"391 Sawyer St., Vallejo, CA 94589",(707) 334-9724,"Ms. Loretta Lary, Owner",NOT a BBB Accredited Business,https://www.bbb.org/us/ca/vallejo/profile/billing-services/princes-medical-billing-1116-305648
Denton Medical Billing,"2019 Malone, Denton, TX 76201",(940) 565-5846,"Ms. Robin Johnston, Owner",NOT a BBB Accredited Business,https://www.bbb.org/us/tx/denton/profile/billing-services/denton-medical-billing-0875-90013540
"Montana Medical Billing, L.L.C.","3200 Trumble Creek Rd, Columbia Fls, MT 59912-9048",(406) 227-7065,"Mrs. Morgan Williams, Owner",BBB Accredited,https://www.bbb.org/us/mt/columbia-fls/profile/medical-business-administration/montana-medical-billing-llc-1296-1000008635
Medical Billing Specialists,"Everett, WA 98201-1874",(503) 387-5436,Mr. Kevin Worden,NOT a BBB Accredited Business,https://www.bbb.org/us/wa/everett/profile/medical-billing/medical-billing-specialists-1296-1000055840
Medical Billing Solutions,"801 E Woodcroft Pkwy Apt 724, Durham, NC 27713-8268",Not Available,"Ms. Mickey Perry, Customer Contact",NOT a BBB Accredited Business,https://www.bbb.org/us/nc/durham/profile/medical-billing/medical-billing-solutions-0593-90079402
Tammy's Medical Billing,"Seward, AK 99664",(907) 422-0488,"Ms. Tammy Foutz, Owner",NOT a BBB Accredited Business,https://www.bbb.org/us/ak/seward/profile/medical-billing/tammys-medical-billing-1296-1000095075
Advantage Medical Billing,"Chico, CA 95973-5827",(530) 345-7699,"Ms. Jennifer Redeker, Owner",Advantage Medical Billing is BBB Accredited.,https://www.bbb.org/us/ca/chico/profile/medical-billing/advantage-medical-billing-1156-47020324
Maximus Medical Billing,"11006 Veirs Mill Rd PMB 261, Silver Spring, MD 20902-2582",(240) 489-6260,"Dr. Maria Jison, President",NOT a BBB Accredited Business,https://www.bbb.org/us/md/silver-spring/profile/billing-services/maximus-medical-billing-0241-182900463
Stanford Medical Billing,"550 E Herndon Ave Ste 105A, Fresno, CA 93720-2992",(559) 438-1245,"Bette Stanford, Owner",NOT a BBB Accredited Business,https://www.bbb.org/us/ca/fresno/profile/billing-services/stanford-medical-billing-1126-59004124
Medical Billing Alternatives,"136 S Cannon Ave, Murfreesboro, TN 37129-3506",(615) 329-8226,"Carla Anderson, CEO/Owner",NOT a BBB Accredited,https://www.bbb.org/us/tn/murfreesboro/profile/billing-services/medical-billing-alternatives-0573-37062480
Outsource Medical Billing,"207 Stillmeadow Dr, Joppa, MD 21085-4750",Not Available,"Sharon Burge, Owner",NOT a BBB Accredited Business,https://www.bbb.org/us/md/joppa/profile/billing-services/outsource-medical-billing-0011-90190447
Park Medical Billing,"106 Grand Ave Ste 210, Englewood, NJ 07631-3565",(201) 585-7306,"Mr. Chol Park, CEO/Founder",NOT a BBB Accredited Business,https://www.bbb.org/us/nj/englewood/profile/medical-billing/park-medical-billing-0221-90169074
Nexus Medical Billing,"PO Box 15109, Springfield, MA 01115",(877) 272-2900,Mr. Christine,NOT a BBB Accredited Business,https://www.bbb.org/us/ma/springfield/profile/medical-billing/nexus-medical-billing-0261-289023
Human Medical Billing,"2674 E Main St Ste E306, Ventura, CA 93003-2820",(877) 669-1070,"Mr. Ramesh Jayakuma, Owner",BBB Accredited,https://www.bbb.org/us/ca/ventura/profile/medical-billing/human-medical-billing-1236-92088165
Lees Medical Billing,"Milton, FL 32571-2696",(229) 234-0062,"Ms. Katy Saders, Office Supervisor",NOT a BBB Accredited Business,https://www.bbb.org/us/fl/milton/profile/medical-billing/lees-medical-billing-0683-90078578
Ultimate Medical Billing,"17370 Avion Sq, Round Hill, VA 20141-2492",(540) 751-9146,"Ms. Rhonda Jeffery, Owner",NOT a BBB Accredited Business,https://www.bbb.org/us/va/round-hill/profile/billing-services/ultimate-medical-billing-0241-124457597
Hart Medical Billing,"PO Box 2447, Mckinleyville, CA 95519-2447",(707) 839-3013,"Ms. Harriette Hart, Owner",NOT a BBB Accredited Business,https://www.bbb.org/us/ca/mckinleyville/profile/billing-services/hart-medical-billing-1116-195300
"Seaside Medical Billing, Inc.","PO Box 2460
Teaticket, MA 02536-2460",(508) 548-3699,"Ms. Charlene Soares, Owner",NOT a BBB Accredited Business,https://www.bbb.org/us/ma/teaticket/profile/medical-billing/seaside-medical-billing-inc-0021-112487
Telfonix Medical Billing,"890 Hillcrest Drive, Nokomis, FL 34275",(941) 483-6633,Not Available,NOT a BBB Accredited Business,https://www.bbb.org/us/fl/nokomis/profile/medical-consultants/telfonix-medical-billing-0403-8002369
Digital Med Billing Solutions LLC,"1322 N Pine Hills Rd, Orlando, FL 32808-4832",(407) 377-5484,Not Available,NOT a BBB Accredited Business,https://www.bbb.org/us/fl/orlando/profile/medical-billing/digital-med-billing-solutions-llc-0733-235968973
Billing Paradise,"732 N Diamond Bar Blvd STE 110, Diamond Bar, CA 91765-1043",(888) 571-9069,"Venkat Aravamudhan, CFO",NOT a BBB Accredited Business,https://www.bbb.org/us/ca/diamond-bar/profile/medical-billing/billing-paradise-1216-260860
ePsych Billing,"2300 W Sahara Ave Ste 800, Las Vegas, NV 89102-4397",(323) 374-5479,"Mr. Alexander Zaki, President",NOT a BBB Accredited Business,https://www.bbb.org/us/nv/las-vegas/profile/medical-billing/epsych-billing-1086-90093585
Ultimate Billing,"1600 Division Rd Ste 2000, West Warwick, RI 02893-7574",(469) 744-5853,"Ms. Marina Adelman, Founder",NOT a BBB Accredited Business,https://www.bbb.org/us/ri/west-warwick/profile/medical-billing/ultimate-billing-0021-543902
Billing Depot,"415 Dutch Neck Rd, East Windsor, NJ 08520-1201",(609) 371-8920,"Ms. Patricia Freeze, President",NOT a BBB Accredited Business,https://www.bbb.org/us/nj/east-windsor/profile/medical-billing/billing-depot-0221-90108714
Allstars Medical Billing,"2121 N California Blvd Ste 243, Walnut Creek, CA 94596-3572",(501) 424-0123,"Mr. Muhammad ""Imran"" Siddique, Owner",NOT a BBB Accredited Business,https://www.bbb.org/us/ca/walnut-creek/profile/medical-billing/allstars-medical-billing-0935-90386244
Revu Billing,"175 S Bloomingdale Rd, Bloomingdale, IL 60108",(888) 999-9744,Business Manager,NOT a BBB Accredited Business,https://www.bbb.org/us/il/bloomingdale/profile/accountant/revu-billing-0654-1000108584
Atticus Medical Billing,"5776 Lindero Canyon Road Suite D-451, Thousand Oaks, CA 91362",(800) 960-4662,"Customer Service, Manager",NOT a BBB Accredited Business,https://www.bbb.org/us/ca/thousand-oaks/profile/medical-billing/atticus-medical-billing-1236-92021487
Nexus Medical Billing,"150 Pinellas Bayway S, Tierra Verde, FL 33715-1708",(877) 842-5246,"Ms. Lauren K Hardison, President",NOT a BBB Accredited Business,https://www.bbb.org/us/fl/tierra-verde/profile/medical-billing/nexus-medical-billing-0653-90395209
Accelerated Medical Billing,"1209 1st St NE, Saint Petersburg, FL 33701-1811",(813) 817-5602,Not Available,NOT a BBB Accredited Business,https://www.bbb.org/us/fl/saint-petersburg/profile/medical-billing/accelerated-medical-billing-0653-90399628/addressId/255877
Medical Billing Solutions,"3924 N Torrey Pines Dr, Las Vegas, NV 89108-5900",(725) 241-7862,"Ms. Melissa Mateo, Manager",NOT a BBB Accredited Business,https://www.bbb.org/us/nv/las-vegas/profile/medical-billing/medical-billing-solutions-1086-90090950
Savant Medical Billing,"6119 NE 103rd Ct, Vancouver, WA 98662",(360) 567-7154,"Ms. Susanne Noga, Owner",NOT a BBB Accredited Business,https://www.bbb.org/us/wa/vancouver/profile/medical-billing/savant-medical-billing-1296-1000087929/addressId/826424
Camelot Medical Billing,"417 Nickman St, Chula Vista, CA 91911",(619) 942-9128,"Mrs. Wendy R Caudle, Owner",NOT a BBB Accredited Business,https://www.bbb.org/us/ca/chula-vista/profile/medical-billing/camelot-medical-billing-1126-172007228
Docs Medical Billing,"630 Landview Ct, Las Vegas, NV 89123-0197",(702) 260-4106,Ms. Diana Gonzales,NOT a BBB Accredited Business,https://www.bbb.org/us/nv/las-vegas/profile/medical-billing/docs-medical-billing-1086-90045502
Reliance Medical Billing,"3741 S Peoria Ave, Tulsa, OK 74105-3264",(918) 701-2388,"Lynn Webb, Branch Manager",NOT a BBB Accredited Business,https://www.bbb.org/us/ok/tulsa/profile/medical-billing/reliance-medical-billing-1025-38064846
Specialty Medical Billing,"614 Cahoon Rd N, Jacksonville, FL 32220",(904) 410-7938,"Ms. Judy Ullo, Owner",NOT a BBB Accredited Business,https://www.bbb.org/us/fl/jacksonville/profile/medical-billing/specialty-medical-billing-0403-235960875
Endless Billing,"6167 Reseda blvd, tarzana, CA 91335",(877) 927-1619,"Wendely Moodie-Naranjo, Executive",NOT a BBB Accredited Business,https://www.bbb.org/us/ca/tarzana/profile/medical-billing/endless-billing-1216-1000009205
Sigma Billing,"1520 S Main St, Dayton, OH 45409",(937) 208-7288,"Tracy Hammond, Executive Director",NOT a BBB Accredited Business,https://www.bbb.org/us/oh/dayton/profile/medical-billing/sigma-billing-0322-3857
EasyCare Billing,"105 Daniel Ct, Kendall Park, NJ 08824-1530",(609) 840-7792,Not Available,NOT BBB Accredited,https://www.bbb.org/us/nj/kendall-park/profile/medical-billing/easycare-billing-0221-90175229
Anderson Medical Billing,"14550 Balsam Street, Southgate, MI 48195",(734) 284-4105,Not Available,NOT a BBB Accredited,https://www.bbb.org/us/mi/southgate/profile/billing-services/anderson-medical-billing-0372-90000668
Sven Medical Billing,"5880 Pine Knob Lane, Clarkston, MI 48346",(248) 674-7133,Not Available,NOT a BBB Accredited Business,https://www.bbb.org/us/mi/clarkston/profile/billing-services/sven-medical-billing-0372-20004855
Elite Medical Billing,"3110 S Valley View Blvd STE 204, Las Vegas, NV 89102-8389",(702) 989-5001,"Ms. Yvette Vazquez, President",NOT a BBB Accredited Business,https://www.bbb.org/us/nv/las-vegas/profile/billing-services/elite-medical-billing-1086-74814
WesDak Medical Billing,"809 South St Ste 210, Rapid City, SD 57701-3583",(605) 255-5507,"Julie Baker, President",BBB Accredited,https://www.bbb.org/us/sd/rapid-city/profile/medical-billing/wesdak-medical-billing-0714-300064426
Trinity Medical Billing,"PO Box 10050, Fayetteville, AR 72703",(479) 571-3174,"Mrs. Mary Cooper, Owner",NOT a BBB Accredited Business,https://www.bbb.org/us/ar/fayetteville/profile/medical-billing/trinity-medical-billing-0935-90305889
Medical Billing Network,"6 Dupuis Ave # B, Lewiston, ME 04240",(207) 782-2492,"Ms. Louise Carpentier, Owner",NOT a BBB Accredited Business,https://www.bbb.org/us/me/lewiston/profile/medical-billing/medical-billing-network-0021-329422
Medical Billing Simplified,"10811 FM 3226, Arp, TX 75750",(903) 752-5691,"Ms. Lindsey Michelle Pautsky, Owner",NOT a BBB Accredited Business,https://www.bbb.org/us/tx/arp/profile/medical-billing/medical-billing-simplified--1075-28137758
Medical Billing Services,"302 Powell Dr, Tyler, TX 75703-4635",(903) 534-1104,Ms. Carol Barrios,NOT a BBB Accredited,https://www.bbb.org/us/tx/tyler/profile/medical-billing/medical-billing-services-1075-28114624
DMJM Medical Billing,"PO Box 2611, Chesterfield, VA 23832",(804) 275-0606,"Ms. Jeanne M Haskins, Owner",NOT a BBB Accredited Business,https://www.bbb.org/us/va/chesterfield/profile/medical-billing/dmjm-medical-billing-0603-63400221/addressId/55124
Renaissance Medical Billing,"3917 Volunteer Dr STE 5, Chattanooga, TN 37416-3876",(423) 877-2312,"Mr. Durie Andrews, Director of Business Development",NOT a BBB Accredited Business,https://www.bbb.org/us/tn/chattanooga/profile/billing-services/renaissance-medical-billing-0483-40035843/addressId/26756
G & P Billing Services LLC,"PO Box 397, Lima, OH 45802-0397",(419) 224-7056,"Ms. Valerie Kline, President/Manager",NOT a BBB Accredited Business,https://www.bbb.org/us/oh/lima/profile/medical-billing/g-p-billing-services-llc-0422-8004351
"Professional Billing, Inc","PO Box 1026
Powell, OH 43065-1026",(877) 696-6589,"Mr. Daniel Crocker, President",NOT a BBB Accredited Business,https://www.bbb.org/us/oh/powell/profile/medical-business-administration/professional-billing-inc-0302-70075862
Mercy Physician Billing,"2525 S Michigan Ave # B-522, Chicago, IL 60616-2333",(312) 567-6691,"Ms. Eleanor L. Copp, Managed Care Physician Services",NOT a BBB Accredited Business,https://www.bbb.org/us/il/chicago/profile/billing-services/mercy-physician-billing-0654-33002223
On Point Medical Billing,"29200 Southfield Rd., S. 202A, Southfield, MI 48076",(248) 281-3508,"Ms. Sophia Hooper, Owner",NOT a BBB Accredited Business,https://www.bbb.org/us/mi/southfield/profile/billing-services/on-point-medical-billing-0372-90031304
Cardinal Medical Billing LLC,"Snohomish, WA 98290-7214",(360) 863-6186,"Ms. Krystee Nixon, CEO",NOT a BBB Accredited Business,https://www.bbb.org/us/wa/snohomish/profile/medical-billing/cardinal-medical-billing-llc-1296-1000105223
Independent Medical Billing LLC,"Phoenix, AZ 85033-1856",(602) 349-5869,"Ms. Christina Miller, Owner",NOT a BBB Accredited Business,https://www.bbb.org/us/az/phoenix/profile/medical-billing/independent-medical-billing-llc-1126-1000091289
CF Medical Billing LLC,"3705 S Highway 27 STE 203, Clermont, FL 34711-7950",(352) 536-8140,"Theresa Stone, Owner",CF Medical Billing LLC is BBB Accredited.,https://www.bbb.org/us/fl/clermont/profile/medical-billing/cf-medical-billing-llc-0733-90337120
Avedis Medical Billing Solutions,"Bakersfield, CA 93314-3703",(661) 706-2911,"Ms. Tambra A. Head, Owner",NOT a BBB Accredited Business,https://www.bbb.org/us/ca/bakersfield/profile/medical-billing/avedis-medical-billing-solutions-1126-89043575
Eastern Medical Billing LLC,"Havelock, NC 28532-2367",(252) 269-4807,Not Available,BBB Accredited,https://www.bbb.org/us/nc/havelock/profile/medical-billing/eastern-medical-billing-llc-0593-90363629
Online Medical Billing Solutions,"876 N Mountain Ave STE 200T, Upland, CA 91786-4166",Not Available,"Ms. Michele Shamell, Owner",NOT a BBB Accredited Business,https://www.bbb.org/us/ca/upland/profile/medical-billing/online-medical-billing-solutions-1126-89082695
Providers Medical Billing LLC,"9326 W 33rd Ln, Hialeah, FL 33018-2068",(954) 990-3693,"Yadira Martinez, Managing Member",NOT a BBB Accredited Business,https://www.bbb.org/us/fl/hialeah/profile/medical-billing/providers-medical-billing-llc-0633-90614276
Transcend Medical Billing LLC,"22510 SE 64th Pl, Ste 130, Issaquah, WA 98027",(425) 654-0001,"Ms. Sally Thompson, Owner",NOT a BBB Accredited Business,https://www.bbb.org/us/wa/issaquah/profile/medical-billing/transcend-medical-billing-llc-1296-22713295
Efficient Medical Billing Service,"6635 N Baltimore Ave # 236, Portland, OR 97203-5454",(503) 384-2988,"Mr. David Waite, Member",NOT a BBB Accredited Business,https://www.bbb.org/us/or/portland/profile/medical-billing/efficient-medical-billing-service-1296-1000098926
Premier Medical Billing LLC,"West Linn, OR 97068-9277",(503) 810-8166,"Ms. Loubna Ezat Agha, Owner",NOT a BBB Accredited Business,https://www.bbb.org/us/or/west-linn/profile/medical-billing/premier-medical-billing-llc-1296-1000112835
West Medical Billing Services,"96772 FOX TROT LANE, Coos Bay, OR 97420",(541) 266-9038,"Ms. Joy M West, Registered Agent",NOT a BBB Accredited,https://www.bbb.org/us/or/coos-bay/profile/medical-billing/west-medical-billing-services-1296-1000040336
Carolina Medical Billing Inc,"317 Matthews Mint Hill Rd Ste 210, Matthews, NC 28105-2895",(704) 708-5054,"Mr. Matthew Pomponio, President",NOT a BBB Accredited Business,https://www.bbb.org/us/nc/matthews/profile/medical-billing/carolina-medical-billing-inc-0473-104763
Vista Medical Billing LLC,"2851 S Parker Rd #1-0730, Aurora, CO 80014",(720) 389-5995,"Mr. Scott Klohs, Registered Agent",NOT a BBB Accredited Business,https://www.bbb.org/us/co/aurora/profile/medical-billing/vista-medical-billing-llc-1296-90266739
BC Medical Billing LLC,"2001 Tyler St Ste 211
Hollywood, FL 33020-4578",(844) 607-1980,"Ms. Belinda Caballero, Managing Member",NOT a BBB Accredited Business,https://www.bbb.org/us/fl/hollywood/profile/medical-billing/bc-medical-billing-llc-0633-92024085
RPM Medical Billing LLC,"5600 Greenwood Plaza Blvd Ste 150, Greenwood Village, CO 80111",(855) 577-6633,"Mr. Joshua Ostler, Member",NOT a BBB Accredited Business,https://www.bbb.org/us/co/greenwood-village/profile/medical-billing/rpm-medical-billing-llc-1296-1000139565
Diligent Medical Billing LLC,"Woodinville, WA 98077-8006",(425) 616-1496,"Ms. Karen Salmon, Member",BBB Accredited,https://www.bbb.org/us/wa/woodinville/profile/medical-billing/diligent-medical-billing-llc-1296-1000086915
Cherry Medical Billing Solutions,"Salem, OR 97306-1959",(503) 983-4722,"Ms. Sheryl Lynn Abid, Owner",BBB Accredited,https://www.bbb.org/us/or/salem/profile/billing-services/cherry-medical-billing-solutions-1296-1000140923
Valley View Medical Billing,"30141 Antelope Rd Ste D340, Menifee, CA 92584-7001",(888) 853-6043,"Ms. Lindsey Weatherford, Owner",NOT a BBB Accredited Business,https://www.bbb.org/us/ca/menifee/profile/medical-billing/valley-view-medical-billing-1126-850022097
Advanced Medical Billing Company,"231 Azalea Ct, Toms River, NJ 08753-1330",(732) 286-4646,"Ms. Elena Hammer, Owner",NOT a BBB Accredited Business,https://www.bbb.org/us/nj/toms-river/profile/medical-billing/advanced-medical-billing-company-0221-90080955
Professional Medical Billing Group,"1515 S Wayne Rd, Westland, MI 48186-5436",(734) 641-9991,"Ms. Debbie Magill, President",BBB Accredited,https://www.bbb.org/us/mi/westland/profile/medical-billing/professional-medical-billing-group-0372-49004482
"Medical Billing Specialists, LLC","P O Box 1321, Indianapolis, IN 46204",(317) 753-3289,"Ms. Maria Tabares, President",NOT a BBB Accredited Business,https://www.bbb.org/us/in/indianapolis/profile/billing-services/medical-billing-specialists-llc-0382-90005320
Indiana Preferred Medical Billing,"PO Box 112, Muncie, IN 47308-0112",(888) 941-3238,"Ms. Jill McCarthy, President",NOT a BBB Accredited Business,https://www.bbb.org/us/in/muncie/profile/medical-billing/indiana-preferred-medical-billing-0382-13000631
Elite Medical Billing LLC,"1200 Woodruff Rd Ste G22, Greenville, SC 29607-5735",(866) 289-8072,"Mr. Forrest Vance, Owner; Mrs. Amy Vance, Owner",BBB Accredited,https://www.bbb.org/us/sc/greenville/profile/medical-billing/elite-medical-billing-llc-0673-90001934
Genesis Medical Billing Services,"6421 Camp Bowie Blvd, Fort Worth, TX 76116-5401",(800) 879-5015,"Ms. Susan Sabadach, President",BBB Accredited,https://www.bbb.org/us/tx/fort-worth/profile/medical-billing/genesis-medical-billing-services-0825-235971772/addressId/237886
AMBS Medical Billing Services,"100 Avery Olivia Way Ste C, Fairmont, WV 26554-9375",(304) 363-7000,"Mr. Bryan K Towns, President",NOT a BBB Accredited Business,https://www.bbb.org/us/wv/fairmont/profile/medical-billing/ambs-medical-billing-services-0282-92005432
Skyline Medical Billing Management,"Dewey, AZ 86327-8236",(928) 227-1167,"Ms. Jennifer Moran, Owner",NOT a BBB Accredited Business,https://www.bbb.org/us/az/dewey/profile/medical-billing/skyline-medical-billing-management-1126-1000061790
"Medical Billing Solutions, Inc","625 Andover Park W Ste 101, Tukwila, WA 98188-3332",(206) 431-0138,"Ms. Beth Colombo, Member",NOT a BBB Accredited Business,https://www.bbb.org/us/wa/tukwila/profile/medical-billing/medical-billing-solutions-inc-1296-1000074592
Vision Medical Billing Services,"6325 Falls of Neuse Rd, 35-315, Raleigh, NC 27615-6877",(919) 521-6480,"Ms. Gwendolyn Thompson, Owner",NOT a BBB Accredited Business,https://www.bbb.org/us/nc/raleigh/profile/medical-billing/vision-medical-billing-services-0593-90155722
Coastal Medical Billing LLC,"5151 Flynn Pkwy Ste 115, Corpus Christi, TX 78411-4318",(361) 452-8360,"Mrs. Tricia R Molina, Executive Director/CEO",NOT a BBB Accredited Business,https://www.bbb.org/us/tx/corpus-christi/profile/medical-billing/coastal-medical-billing-llc-0825-1000210070
Advanced Medical Billing Services,"Boerne, TX 78006-1415",(210) 363-0381,"Ms. Dana Cooper, President",NOT a BBB Accredited Business,https://www.bbb.org/us/tx/boerne/profile/medical-billing/advanced-medical-billing-services-0825-1000190255
Dynamic Medical Billing Service,"PO Box 631248, Littleton, CO 80163-1248",(303) 346-3414,"Mr. Bob Tulper, Co-Owner",NOT a BBB Accredited Business,https://www.bbb.org/us/co/littleton/profile/medical-billing/dynamic-medical-billing-service-1296-46001497
"Medical Billing Concepts, Inc.","211 S Federal Hwy 7 & 8, Boynton Beach, FL 33435",(800) 436-9305,"Mr. Dana Thompson, President",NOT a BBB Accredited Business,https://www.bbb.org/us/fl/boynton-beach/profile/medical-billing/medical-billing-concepts-inc-0633-4002981
Lauren Wadsworth Medical Billing,"120 E FM 544
Ste. 72, PMB 460
Murphy, TX 75094",(972) 383-4489,"Ms. Lauren Wadswroth, Owner/Operator",NOT a BBB Accredited Business,https://www.bbb.org/us/tx/murphy/profile/medical-billing/lauren-wadsworth-medical-billing-0875-91339777
A1 Medical Billing Management,"21207 Interlochen Ln, Lawrenceburg, IN 47025-9017",(812) 537-4096,"Ms. Shirley Robinson, Owner",NOT a BBB Accredited Business,https://www.bbb.org/us/in/lawrenceburg/profile/billing-services/a1-medical-billing-management-0292-3005684
Medical Billing Solutions Inc,"503 Buckeye Dr Ste 100, Troy, IL 62294-2347",(800) 596-5387,"Ms. Kim Stevens, President",NOT a BBB Accredited Business,https://www.bbb.org/us/il/troy/profile/billing-services/medical-billing-solutions-inc-0734-310359142
Absolute Medical Billing Specialists,"10529 W. Donald Drive, Peoria, AZ 85383-1757",(623) 362-2129,"Ms. Maria Parial, Owner",NOT a BBB Accredited Business,https://www.bbb.org/us/az/peoria/profile/billing-services/absolute-medical-billing-specialists-1126-97011941
Rapid Return Medical Billing,"2011 S 6th St, Brainerd, MN 56401-4528",(218) 829-2455,"Jake Tiggelaar, Owner",NOT a BBB Accredited Business,https://www.bbb.org/us/mn/brainerd/profile/billing-services/rapid-return-medical-billing-0704-96157177
Benedict Billing Solutions,"PO Box 871, Simi Valley, CA 93062-0871",(805) 587-5108,"Ms. Joan Palmeiri, Executive Director",NOT a BBB Accredited Business,https://www.bbb.org/us/ca/simi-valley/profile/medical-billing/benedict-billing-solutions-1236-92025010
Rainier Billing LLC,"Marysville, WA 98270-6854",(360) 474-3836,"Ms. Brandi Goellner, Owner",NOT a BBB Accredited Business,https://www.bbb.org/us/wa/marysville/profile/medical-billing/rainier-billing-llc-1296-1000119066
"Medical Billing Technologies, Inc.","PO Box 709, Visalia, CA 93279-0709",(559) 627-6267,"Ms. Roberta Stephens, CEO/President",NOT a BBB Accredited Business,https://www.bbb.org/us/ca/visalia/profile/billing-services/medical-billing-technologies-inc-1126-83001343
AllClaims Medical Billing Solutions,"Chula Vista, CA 91910",(619) 347-2527,"Ms. Maria L Laygo, Owner",NOT a BBB Accredited Business,https://www.bbb.org/us/ca/chula-vista/profile/billing-services/allclaims-medical-billing-solutions-1126-172001599
Penny Lane Medical Billing,"Orange, CA 92869",(714) 519-6130,"Ms. Daphne Carrico, Owner",NOT a BBB Accredited Business,https://www.bbb.org/us/ca/orange/profile/medical-billing/penny-lane-medical-billing-1126-1000054505
Sublime Billing Services,"2414 S Fairview St Ste 215, Santa Ana, CA 92704-5318",(949) 300-1657,"Mr. Michael Priesing, Owner",NOT a BBB Accredited Business,https://www.bbb.org/us/ca/santa-ana/profile/medical-billing/sublime-billing-services-1126-1000067807
Robles Medical Billing LLC,"Phoenix, AZ 85032-4244",(520) 869-6214,"Ms. Martha Robles-Stahl, Owner",NOT a BBB Accredited Business,https://www.bbb.org/us/az/phoenix/profile/medical-billing/robles-medical-billing-llc-1126-1000077401
Advantage Billing Services,"11631 NE 155th St, Kirkland, WA 98034-4659",(206) 795-3781,"Ms. Melinda Cook, Owner",NOT a BBB Accredited Business,https://www.bbb.org/us/wa/kirkland/profile/billing-services/advantage-billing-services-1296-22943638
Kingston Medical Billing LLC,"Indianapolis, IN 46256-3461",(317) 854-7109,"Ms. Tommara Montgomery, Owner",NOT a BBB Accredited Business,https://www.bbb.org/us/in/indianapolis/profile/medical-billing/kingston-medical-billing-llc-0382-90046149
Liberty Billing LLC,"74401 Hovley Lane East
Apt 418
Palm Desert, CA 92260",(425) 218-1944,"Mrs. Lisa Schmidt, Managing Member",NOT a BBB Accredited Business,https://www.bbb.org/us/ca/palm-desert/profile/medical-billing/liberty-billing-llc-1296-1000012359
Unified Billing LLC,"12100 NE 195th St Ste 325, Bothell, WA 98011-5768",(425) 939-1293,"Ms. Monica Severtsen, President",NOT a BBB Accredited Business,https://www.bbb.org/us/wa/bothell/profile/medical-billing/unified-billing-llc-1296-1000035606
Billing Ally LLC,"800 NE Tenney Rd Ste 110-222, Vancouver, WA 98685",(360) 953-5300,"Robert Laub, President",NOT BBB Accredited,https://www.bbb.org/us/wa/vancouver/profile/medical-billing/billing-ally-llc-1296-1000063665
Billing Solutions Unlimited,"261 Whetstone Ct., Rocky Mount, NC 27804",(888) 692-5592,"Ms. Kenya Batts, Owner",NOT a BBB Accredited Business,https://www.bbb.org/us/nc/rocky-mount/profile/medical-billing/billing-solutions-unlimited-0593-90287371
Triangle Billing Systems,"422 Wild Duck Ct, Wake Forest, NC 27587-5505",(919) 562-1882,"Mr. Dennis Chasten, Owner",NOT a BBB Accredited,https://www.bbb.org/us/nc/wake-forest/profile/medical-billing/triangle-billing-systems-0593-90078667
Guardian Billing LLC,"1715 Fox Run, Shakopee, MN 55379",(612) 730-3502,"Melinda M Flaig, Owner",NOT a BBB Accredited Business,https://www.bbb.org/us/mn/shakopee/profile/medical-billing/guardian-billing-llc-0704-1000047625
Coastal Billing LLC,"PO Box 7641, Wilmington, NC 28406-7641",(833) 723-9219,Ms. Maria Allen,NOT a BBB Accredited Business,https://www.bbb.org/us/nc/wilmington/profile/medical-billing/coastal-billing-llc-0593-90051103
Physician Billing Service,"595 Round Rock West Dr Ste 403, Round Rock, TX 78681-5031",(254) 308-2225,"Ms. Shirley Cox, Owner",NOT a BBB Accredited Business,https://www.bbb.org/us/tx/round-rock/profile/medical-billing/physician-billing-service-0825-1000134893
